start_id,start_coor,start_entr,end_id,end_coordi,end_exit_c,cost_on_gr,total_cost
A,"-59.259744, -29.155135",1293.9539,B,"-56.024419, -28.564756",1970.788,427654.9780815,430919.7198887
